direction,latitude,longitude,error
"67 Main St Charlestown, Boston, MA 02129-3738",42.3736375,-71.062397,False
"1282 Boylston St, Boston, MA 02215-4448",42.3445524,-71.0975012,False
"20 Charles St, Boston, MA 02114-4602",42.3565533,-71.0694213,False
"289 Causeway Street North End, Boston, MA 02114",42.367029375,-71.05824825,False
"30 Rowes Wharf, Boston, MA 02110-3345",42.3571387,-71.0507043,False
"130 Dartmouth St, Boston, MA 02116-5118",42.3469394,-71.0761022,False
"361 Hanover St, Boston, MA 02113-1910",42.36463,-71.053467,False
"150 Tremont St, Boston, MA 02111-1138",42.3549535,-71.0633749,False
"45 Province St, Boston, MA 02108-4124",42.357051,-71.060062,False
"58 Hemenway St, Boston, MA 02115-2910",42.345030894736844,-71.08954410526316,False
"107 State St, Boston, MA 02109-2908",42.359115,-71.054851,False
"1 Faneuil Hall Market Pl Ste 36, Boston, MA 02109-6117",,,True
"345 Congress Street, Fort Point, Boston, MA 02210-1222",,,True
"800 Boylston St Suite 155,Prudential Center, Boston, MA 02199",,,True
"93 Salem St Outside Dining Available, Boston, MA 02113-2217",,,True
"222 Newbury St, Boston, MA 02116-2564",42.3497522,-71.0810802,False
"1 Stuart St, Boston, MA 02116-4723",42.3510675,-71.0631238,False
"371 Hanover St, Boston, MA 02113-1929",42.364877,-71.05323849999999,False
"452 Huntington Ave, Boston, MA 02115-5601",42.3411763,-71.0867996,False
"195 State St, Boston, MA 02109-2678",42.35937716666667,-71.05278891666666,False
"436 Western Ave, Boston, MA 02135-1016",42.3623223,-71.1408984,False
"188 Baker St West Roxbury, Boston, MA 02132-4838",42.278481,-71.167126,False
"82 Lansdowne St Fenway, Boston, MA 02215-3411",,,True
"182 Massachusetts Ave, Boston, MA 02115-3011",42.3514033,-71.0897609,False
"1114 Boylston St, Boston, MA 02215-3601",42.3467922,-71.0887042,False
"789 Adams St, Boston, MA 02124-5103",42.283344,-71.055858,False
"309 D St, Boston, MA 02127-1268",42.3399056,-71.04939066666667,False
"115 Causeway St North Station across from TD Garden, Boston, MA 02114-1304",,,True
"931 Dorchester Ave, Boston, MA 02125-1251",42.318864500000004,-71.05692468427962,False
"800 Boylston Street Prudential Center, Boston, MA 02199",,,True
"1920A Beacon St, Boston, MA 02135-7701",42.33643947189769,-71.14913810430444,False
"204 Cambridge St, Boston, MA 02114-2715",42.3609731,-71.0658862,False
"117 Salem St, Boston, MA 02113-1728",42.364457,-71.05541166666667,False
"84 Bennington St, Boston, MA 02128-1710",42.3761913,-71.0357131,False
"700 Atlantic Ave, Boston, MA 02111-2813",42.3520961,-71.055608,False
"224 Tremont St, Boston, MA 02116-4783",42.35134625,-71.0647220625,False
"22R Birch St Roslindale, Boston, MA 02131-3008",42.286994,-71.129888,False
"253 Shawmut Ave, Boston, MA 02118-2178",42.343392,-71.068631,False
"888 Commonwealth Ave, Boston, MA 02446",42.3507822,-71.1137668,False
"106 Blackstone St, Boston, MA 02109-1506",42.36158415,-71.05644944000672,False
"700 Atlantic Ave South Station, Boston, MA 02111-2813",,,True
"76 Guest St, Boston, MA 02135-2028",42.35741941955239,-71.14767389089668,False
"16 Derne St in back of State House, Boston, MA 02114-4203",,,True
"264 East Berkeley Street Troy South End, Boston, MA 02118-2208",,,True
"850 Massachusetts Ave, Boston, MA 02118-2604",42.332084249999994,-71.07104023007614,False
"735 Huntington Ave, Boston, MA 02115-6304",42.3411763,-71.0867996,False
"1330 Boylston St, Boston, MA 02215-4229",42.3441085,-71.09831610963495,False
"264 Hanover St, Boston, MA 02113-2303",42.363613,-71.054828,False
"7 Moulton St, Boston, MA 02129-3115",42.3766774,-71.05650925494241,False
"111 Salem St, Boston, MA 02113-2245",42.3642982,-71.0554599,False
"111 Chelsea St, Boston, MA 02128-1937",42.3726687,-71.0353415,False
"42 Charles St, Boston, MA 02114-4604",42.3572305,-71.0701821,False
"352 Hanover St, Boston, MA 02113-1911",42.365015,-71.053382,False
"513 Tremont St, Boston, MA 02116-6306",42.3448813,-71.070484,False
"69 Salem St Ste 1, Boston, MA 02113-2248",39.73928,-84.851885,False
"336 Sumner St East Boston, Boston, MA 02128-2124",42.36728975,-71.03572899569436,False
"289 Hanover St, Boston, MA 02113-1810",42.363759,-71.054386,False
"395 Dorchester St, Boston, MA 02127-2740",42.333244,-71.0505079,False
"133 Pearl St, Boston, MA 02110-2499",42.35478365,-71.05388036016377,False
"347 Centre St, Boston, MA 02130-1239",42.3047401,-71.1247301,False
"28 Myrtle St, Boston, MA 02114-4501",42.35924795,-71.06557373784008,False
"2254 Dorchester Ave, Boston, MA 02124-5620",42.273415061127764,-71.06763687650576,False
"612 Blue Hill Ave Dorchester, Boston, MA 02121-3212",42.305909643433814,-71.08476930616068,False
"568 Cambridge St Allston, Boston, MA 02134-2432",42.35234324579048,-71.14057657362147,False
"79 Charles St, Boston, MA 02114-4632",42.3583849,-71.0704297,False
"662 Centre St, Boston, MA 02130-2507",42.3126464,-71.1139905,False
"748 Gallivan Boulevard, Boston, MA 02122",42.2847043,-71.0454217195178,False
"82 Westland Ave, Boston, MA 02115-3811",42.34370771428571,-71.08913342857143,False
"2 Brighton Ave, Boston, MA 02134-2310",42.352351298588204,-71.12540621217619,False
"2201 Commonwealth Ave Brighton, Boston, MA 02135-3853",42.340148903846156,-71.16630136538461,False
"1761 Centre St, Boston, MA 02132-1535",42.287512250000006,-71.15068703493921,False
"547 Washington St, Boston, MA 02111-1718",42.353689409361465,-71.06244428106399,False
"64 Staniford St, Boston, MA 02114-2525",42.362842,-71.0641231,False
"239 Meridian St, Boston, MA 02128-1624",42.37578366580387,-71.03902221791553,False
"474 Saratoga St, Boston, MA 02128-1439",42.380051,-71.02725,False
"736 Centre St Jamaica Plain, Boston, MA 02130-2518",42.3107847,-71.114453,False
"320 Medford St, Boston, MA 02129-1950",42.381260999999995,-71.06302585335138,False
"416 Tremont St, Boston, MA 02116-6309",42.3468048,-71.0686365,False
"367 Centre St, Boston, MA 02130-1241",42.322423,-71.108647,False
"15 N Beacon St Ste 12, Boston, MA 02134-1936",,,True
"639 Tremont St, Boston, MA 02118-1261",42.342250444444446,-71.075061,False
"400 Neponset Ave, Boston, MA 02122-3134",42.286486,-71.043998,False
"712 Commonwealth Ave Ste 2, Boston, MA 02215-2414",,,True
"1026 Commonwealth Ave, Boston, MA 02215-1103",42.3515752,-71.1217868,False
"84 Bennington St, Boston, MA 02128-1710",42.3761913,-71.0357131,False
"245 Summer St, Boston, MA 02210-1133",42.3491843,-71.0479164,False
"177 Massachusetts Ave., Boston, MA 02115",42.3514033,-71.0897609,False
"467 W Broadway, Boston, MA 02127-2218",42.335918932753415,-71.0465462692799,False
"182 Western Ave, Boston, MA 02134-1031",42.3631007,-71.1359195,False
"1252 Washington St, Boston, MA 02118-2109",42.34240564324559,-71.0674184281053,False
"900 South St, Boston, MA 02131-2407",42.288368,-71.135218,False
"153 Sutherland Rd, Boston, MA 02135-7301",42.34078385761666,-71.1472463616194,False
"2040 Centre St, Boston, MA 02132-3326",42.28036285506503,-71.15811332205348,False
"252 Friend St, Boston, MA 02114-1801",42.36455357142857,-71.06126365306123,False
"1631 Blue Hill Ave, Boston, MA 02126-2107",42.267857797297296,-71.09358683783785,False
"1844 Centre St, Boston, MA 02132-1901",42.28639984662334,-71.15415888015114,False
"50 Queensberry St, Boston, MA 02215-5101",42.342693462023526,-71.09729331249295,False
"479 W Broadway, Boston, MA 02127-2267",42.33575666747237,-71.0462983651747,False
"460 Centre St, Boston, MA 02130-2056",42.319364,-71.11165514285715,False
"1232 Commonwealth Ave, Boston, MA 02134-4229",42.35044199957047,-71.13138769682533,False
"182 Massachusetts Ave, Boston, MA 02115-3011",42.3514033,-71.0897609,False
"8 S Huntington Ave, Boston, MA 02130-4701",42.33172265089478,-71.11187149602753,False
"950 Hyde Park Ave, Boston, MA 02136",42.2528343,-71.1249081,False
"305 Huntington Ave, Boston, MA 02115-4401",42.3411763,-71.0867996,False
"243 Dorchester St, Boston, MA 02127-2803",42.33228992307692,-71.05206176923078,False
"280 Cambridge St, Boston, MA 02114-3123",42.3609949,-71.0680579,False
"450 Commercial St, Boston, MA 02109-1021",42.36737333333333,-71.05321122222222,False
"205 L St, Boston, MA 02127-4212",42.33119578947368,-71.03537452631579,False
"1409 Centre St Roslindale, Boston, MA 02132-7913",42.295859,-71.134478,False
"1147 Commonwealth Ave, Boston, MA 02134-3104",42.350813,-71.12745,False
"1405 Washington St, Boston, MA 02118-2009",42.341239679734606,-71.07011397285889,False
"33 Batterymarch St, Boston, MA 02110-3209",42.35749906122449,-71.05417432653061,False
"165 Seaport Blvd, Boston, MA 02210-2012",42.3520678,-71.0459768,False
"582 Dorchester Ave, Boston, MA 02127-2722",42.3427008,-71.0572077,False
"535 Columbia Rd, Boston, MA 02125-2315",42.31478889795918,-71.06695812244898,False
"190 Brighton Ave Ste A, Boston, MA 02134-2031",,,True
"111 Brighton Ave, Boston, MA 02134-2802",42.35296011591091,-71.13061372780858,False
"168 Cambridge St, Boston, MA 02114-2714",42.3610068,-71.0649359,False
"82 Lansdowne St, Boston, MA 02215-3411",42.3470487,-71.0984891,False
"1252 Washington St, Boston, MA 02118-2109",42.34240564324559,-71.0674184281053,False
"82 Summer St, Boston, MA 02110-1210",42.3539429,-71.0581471,False
"Jersey Street, Boston, MA 02215-3408",42.3462664,-71.0986672,False
"1514 Tremont St, Boston, MA 02120-2928",42.33228946255972,-71.0996863377588,False
"820 William T Morrissey Blvd, Boston, MA 02122-3404",42.2942926122449,-71.0471568367347,False
"1 Harborside Dr Terminal C, Boston, MA 02128",,,True
"161 Blue Hill Ave, Boston, MA 02119-2118",42.319405,-71.077864,False
"539 Dudley St, Boston, MA 02119-2768",42.321696,-71.072396,False
"2360 Washington St, Boston, MA 02119-3215",42.329448,-71.084608,False
"972 Saratoga St, Boston, MA 02128-1142",42.387063496951235,-71.00767255195046,False
"7 Ellery St, Boston, MA 02127-2747",42.330207,-71.058358,False
"50 Milk St Lobby C, Boston, MA 02109-5003",,,True
"332 Congress St, Boston, MA 02210-1217",42.35110535,-71.04912676446556,False
"173 Portland St, Boston, MA 02114-1702",42.36406592789278,-71.06128179016528,False
"10 Park Plz, Boston, MA 02116-3933",42.3516829,-71.0677014,False
"116 Huntington Ave, Boston, MA 02116-5749",42.3491853,-71.0770258,False
"1750 Dorchester Ave, Boston, MA 02124-2531",42.2902785,-71.0629155,False
"1153 Commonwealth Ave, Boston, MA 02134-3104",42.35077321736805,-71.12763113794122,False
"60 Seaport Blvd Suite 225, Boston, MA 02210-2042",,,True
"8 City Hall Ave near the Old City Hall, accessible by School Street or 15 Court Square, Boston, MA 02108-4301",,,True
"227 Hanover St, Boston, MA 02113-2310",42.36313168367347,-71.05545292857143,False
"3492 Washington St, Boston, MA 02130-2609",42.306339,-71.107474,False
"146 Boston St, Boston, MA 02125-1141",42.3204769,-71.0614173,False
"1159 Washington St, Boston, MA 02124-5525",42.27234262447973,-71.0691097095001,False
"700 Atlantic Ave., Boston, MA 02210",42.35184265,-71.05502289738882,False
"1002 Tremont St, Boston, MA 02120-2119",42.3369983,-71.084416,False
"100 Charles St, Boston, MA 02114-4609",42.3586796,-71.070784,False
"655 E Broadway, Boston, MA 02127-1503",42.3354,-71.03839605115607,False
"1 Blackfan Cir, Boston, MA 02115-5713",,,True
"240 Hanover St, Boston, MA 02113-2303",42.3633327,-71.0551237,False
"198 Marion St, Boston, MA 02128-1724",42.3754173076923,-71.03470084615384,False
"2 Tremont St, Boston, MA 02135-2407",42.3767222,-71.05953414250007,False
"268 Centre St, Boston, MA 02130-1638",42.32276,-71.101078,False
"772 Tremont St, Boston, MA 02118-1106",42.34019486363636,-71.07848902272727,False
"1696 Commonwealth Ave, Boston, MA 02135-5602",42.341252350000005,-71.1465211,False
"3712 Washington St Jamaica Plain, Boston, MA 02130-3701",42.3002158,-71.1131888,False
"120 Blackstone St, Boston, MA 02109-1506",42.3615029,-71.0561715,False
"672 E Broadway, Boston, MA 02127-1596",42.335766250000006,-71.03764151082044,False
"108 L St, Boston, MA 02127-3171",42.334123,-71.03523866666666,False
"536 Tremont St, Boston, MA 02116-6335",42.344311,-71.070779,False
"775 Centre St, Boston, MA 02130-2557",42.3099718,-71.1153937,False
"126 State St Cunard Building, Boston, MA 02109-2305",,,True
"1829 Centre St West Roxbury, Boston, MA 02132-1945",42.286789,-71.153948,False
"100 City Hall Plaza, Boston, MA 02108-2105",42.3603228,-71.0590984,False
"356 Chestnut Hill Ave, Boston, MA 02135-7773",42.3368679,-71.1514757,False
"600 Hyde Park Ave, Boston, MA 02131-3812",42.28013276242515,-71.11876536882595,False
"522 River St, Boston, MA 02126-3014",42.2671715,-71.0944404,False
"1286 Blue Hill Ave, Boston, MA 02126-1806",42.28184124,-71.09247014,False
"45 Milk St, Boston, MA 02109-5105",42.3565434,-71.05757881156,False
"1200 Blue Hill Ave, Boston, MA 02126-1819",42.28340673809524,-71.09195930952382,False
"10 Fairmount Ave, Boston, MA 02136-2716",42.255565714285716,-71.12076657142858,False
"283 Old Colony Ave, Boston, MA 02127-3520",42.330308450000004,-71.05289748125072,False
"115 Water St, Boston, MA 02109-4823",42.3580814,-71.0546052,False
"3080 Washington St, Boston, MA 02119-3115",42.3287383,-71.0854775,False
"106 Bunker Hill St, Boston, MA 02129-3131",42.377537,-71.058645,False
"48 Winter St, Boston, MA 02108-4712",42.355909100000005,-71.06196556326435,False
"92 State St, Boston, MA 02109-2004",42.3592336,-71.0554274,False
"2 Seaport Ln, Boston, MA 02210-2001",42.3491245,-71.0407077,False
"949 Commonwealth Ave, Boston, MA 02215-1305",42.35201275,-71.11870315765557,False
"242 Cambridge St, Boston, MA 02114-3122",42.360994,-71.0671559,False
"1 Beacon St, Boston, MA 02108-3107",42.3584467,-71.0608234840525,False
"1 Faneuil Hall Market, Boston, MA 02109-6117",42.3600335,-71.05623415,False
"284 Congress St, Boston, MA 02210-1003",42.35307636842105,-71.05284178947369,False
"131 Dartmouth St, Boston, MA 02116-5297",42.3467104,-71.0753958,False
"535 Boylston St, Boston, MA 02116-3720",42.3508328,-71.0754903,False
"4 Kilmarnock St, Boston, MA 02215-3902",42.343806156250004,-71.10002271875,False
"800 Boylston St, Boston, MA 02199",42.3471718,-71.08250628733232,False
"1437 Tremont St, Boston, MA 02120-3403",42.3314096,-71.0943757,False
"133 Harvard Ave, Boston, MA 02134-2702",42.35207980456207,-71.1319502322267,False
"137 Stuart St, Boston, MA 02116-5609",42.3512653,-71.0657802,False
"3 Center Plz, Boston, MA 02108-2003",42.3599399,-71.0602672,False
"200 Faneuil Hall, Boston, MA 02109-1634",42.3600335,-71.05623415,False
"80 Boylston St, Boston, MA 02116-4808",42.3522857,-71.0649587,False
"540 Commonwealth Ave, Boston, MA 02215",42.3484698,-71.0969597,False
"800 Boylston St, Boston, MA 02199-8001",42.3471718,-71.08250628733232,False
"230 Tremont St Ste A, Boston, MA 02116",,,True
"21 Brookline Ave, Boston, MA 02215-3421",42.348041,-71.097832,False
"800 Boylston St, Boston, MA 02199",42.3471718,-71.08250628733232,False
"674 Centre St, Boston, MA 02130-2516",42.312167,-71.114114,False
"66 Staniford St, Boston, MA 02114-2525",42.3629292,-71.0640963,False
"399 Boylston Street, Boston, MA 02116",42.3516736,-71.0723333,False
"108 Brighton Ave, Boston, MA 02134-2811",42.3526225,-71.1303402,False
"2197 Commonwealth Ave, Boston, MA 02135-3853",42.340234,-71.1665232,False
"85 Bedford St, Boston, MA 02111-2220",42.3532254,-71.058779,False
"263 Huntington Ave, Boston, MA 02115",42.3411763,-71.0867996,False
"551 Boylston Street, Boston, MA 02116",42.3507027,-71.0759936,False
"44 Province St, Boston, MA 02108-5120",42.3567935,-71.0600308,False
"485 Cambridge St, Boston, MA 02134-2019",42.3537857131514,-71.13713259250694,False
"145 Dartmouth St, Boston, MA 02116-5162",42.3475011,-71.0755462,False
"26 Province St, Boston, MA 02108-5105",42.3571427,-71.0598654,False
"112 State St, Boston, MA 02109-2401",42.35928233333333,-71.05484633333333,False
"260 Washington St, Boston, MA 02108-4603",42.3578242,-71.0578623,False
"224 Amory St, Boston, MA 02130-2353",42.3164045,-71.1031709,False
"77 Seaport Blvd, Boston, MA 02210-2041",42.3520678,-71.0459768,False
"290 Washington St, Boston, MA 02108-4638",42.357466,-71.058102,False
"636 Beacon St Ste 3, Boston, MA 02215-2004",,,True
"2080 Day Blvd, Boston, MA 02127",,,True
"Quincy Market, Boston, MA 02109",42.36020755,-71.05491278796717,False
"164 Northern Ave, Boston, MA 02210-2031",42.35070325810408,-71.04310370579991,False
"263 Washington Street, Boston, MA 02108",42.35785777963556,-71.05805399436407,False
"1 Faneuil Hall Sq, Boston, MA 02109-1604",42.3600335,-71.05623415,False
"764 Huntington Ave, Boston, MA 02115-6313",42.3411763,-71.0867996,False
"57 Boston Wharf Rd, Boston, MA 02210-2187",42.350715,-71.0463196,False
"100 Huntington Ave, Boston, MA 02116-6506",42.3472309,-71.07758361909961,False
"Airport Road Terminal C, Boston, MA 02128",42.36673175,-71.01642053392452,False
"1 Faneuil Hall Sq, Boston, MA 02109-1604",42.3600335,-71.05623415,False
"200 Faneuil Hall Market Pl, Boston, MA 02109-1634",42.36005485,-71.05460485041264,False
"44 Batterymarch St, Boston, MA 02110-3202",42.357614125,-71.05398887499999,False
"289 Huntington Avenue, Boston, MA 02115",42.341075653044356,-71.08674937938449,False
"1B Charles Street, Boston, MA 02114",42.354304049999996,-71.0664268667239,False
"752 Bennington St, Boston, MA 02128-1136",42.385555249999996,-71.01083381027814,False
"1743 Centre St, Boston, MA 02132-1535",42.28738910568999,-71.15026857606274,False
"140 Tremont St, Boston, MA 02111-1318",42.3556963,-71.0625498,False
"7 Liberty Sq, Boston, MA 02109-5818",42.358100300000004,-71.05531854100269,False
"200 Seaport Blvd, Boston, MA 02210",42.3504317,-71.0419235,False
"134 Boylston St, Boston, MA 02116-4608",42.3523196,-71.06611,False
"179 Essex St, Boston, MA 02111-2618",42.352008,-71.0573119,False
"1 Faneuil Hall Sq, Boston, MA 02109-1604",42.3600335,-71.05623415,False
"148 Brookline Ave, Boston, MA 02215",42.344625173913045,-71.10110839130434,False
"31 Saint James Ave, Boston, MA 02116-4101",42.3509109,-71.0714779,False
"800 Boylston Street, Boston, MA 02199",42.3471718,-71.08250628733232,False
"1076 Boylston St, Boston, MA 02215-3601",42.3469844,-71.0879732,False
"Faneuil Hall Marketplace, Boston, MA 02110-2212",42.36005485,-71.05460485041264,False
"50 Forsyth St, Boston, MA 02115-5025",42.39880080381718,-71.03057497581916,False
"393 Huntington Ave Ste 101, Boston, MA 02115",,,True
"88 Peterborough St, Boston, MA 02215-4847",42.343192164895704,-71.09890061069191,False
"63 Broad St Financial District, Boston, MA 02109-4808",42.3577944,-71.0539108,False
"7 School St, Boston, MA 02108-4305",42.357574,-71.0584934,False
"1 Harborside Dr Terminal C, Boston, MA 02128-2907",,,True
"Faneuil Hall Marketplace Quincy Market, Boston, MA 02109",,,True
"107 Seaport Blvd, Boston, MA 02210",42.3520678,-71.0459768,False
"225 Newbury St, Boston, MA 02116-2522",42.3500136,-71.0816701,False
"200 Faneuil Hall Market Pl, Boston, MA 02109-1634",42.36005485,-71.05460485041264,False
"720 Atlantic Ave, Boston, MA 02111-2815",42.35082166218446,-71.05648503050868,False
"2135 Faneuil Hall Market Place, Boston, MA 02109-6117",42.36005485,-71.05460485041264,False
"157 Sutherland Rd, Boston, MA 02135-7301",42.340820792222054,-71.14720883126294,False
"665 Boylston St, Boston, MA 02116-4824",42.3497514,-71.0786162,False
"650 Atlantic Ave, Boston, MA 02210-2201",42.35299937295875,-71.05472216902278,False
"1 Faneuil Hall Market Pl, Boston, MA 02109-6117",42.36005485,-71.05460485041264,False
"1509 Blue Hill Ave, Boston, MA 02126-1702",42.2727415,-71.09381049999999,False
"360 Longwood Ave, Boston, MA 02115",42.3390838,-71.10818594955578,False
"1 Faneuil Hall Market Pl, Boston, MA 02109-6117",42.36005485,-71.05460485041264,False
"100 Hanover St., Boston, MA 02108",42.3625573,-71.0573822,False
"100 Northern Ave, Boston, MA 02210-1980",42.3522994,-71.0437107,False
"100 Huntington Ave, Boston, MA 02116-6506",42.3472309,-71.07758361909961,False
"777A William T Morrissey Blvd, Boston, MA 02122-3331",42.295531438734606,-71.0475699889693,False
"50 Northern Ave, Boston, MA 02210-1862",42.3533809,-71.0461504,False
"225 Franklin St Lbby 1, Boston, MA 02110-2804",,,True
"708 Commonwealth Ave, Boston, MA 02215-2448",42.3495403,-71.1054162,False
"132 Brookline Ave, Boston, MA 02215-3907",42.3449449,-71.1006972,False
"350 Longwood Ave, Boston, MA 02115-5726",42.338678,-71.107037,False
"101 Arch St, Boston, MA 02110-1130",42.355029900000005,-71.05927998233831,False
"226 Tremont St, Boston, MA 02116-4726",42.35139955,-71.0645753931727,False
"1095 Commonwealth Ave, Boston, MA 02215-1022",42.3492102,-71.100798,False
"11 Temple Pl, Boston, MA 02111-1305",42.35546618479341,-71.06265758275119,False
"100 Van Ness Street, Boston, MA 02215",42.3447043,-71.100167,False
"277 Cambridge St, Boston, MA 02114-3108",42.3613001,-71.068353,False
"220 Dorchester Ave, Boston, MA 02127-1823",42.3401238,-71.0567898,False
"182 Harvard Ave, Boston, MA 02134-2806",42.351073,-71.13128,False
"181 Harvard Ave Boston, Boston, MA 02134-2801",42.350930181818185,-71.13143927272728,False
"567 Bennington St, Boston, MA 02128-1554",42.38256,-71.018185,False
"116 Washington St, Boston, MA 02121-3615",42.308469,-71.083254,False
"181 Cambridge St Whole Foods, Boston, MA 02114-2786",,,True
"150 Huntington Ave, Boston, MA 02115-4808",42.3449757,-71.0818503,False
"10 Beacon St, Boston, MA 02108-3778",42.3581111,-71.0618711,False
"154 Chestnut Hill Ave, Boston, MA 02135-4639",42.341696,-71.15433383333334,False
"Airport Road Terminal a, Ticketing Area, Boston, MA 02128",,,True
"60 School St Omni Hotel, Boston, MA 02108-4109",,,True
"1375 Washington St, Boston, MA 02118-2140",42.341471,-71.069569,False
"45 School Street Old City Hall, Boston, MA 02108",,,True
"50 Gloucester St, Boston, MA 02115-3141",42.3486374,-71.0840371,False
"9 Park St, Boston, MA 02108-4804",42.3576412,-71.0629056,False
"272 Boylston St, Boston, MA 02116-3917",42.3501451,-71.0771435,False
"215 Charles St Liberty Hotel, Boston, MA 02114-3001",,,True
"226 Hanover St, Boston, MA 02113-2302",42.36313051020408,-71.05545085714286,False
"2 Seaport Ln 2 Seaport Lane, Boston, MA 02210-2001",,,True
"370A Commonwealth Ave The Eliot Hotel, Boston, MA 02215",,,True
"15 Beacon St, Boston, MA 02108-2902",42.3583866,-71.0619489,False
"505 Washington St, Boston, MA 02111-1211",42.3602534,-71.0582912,False
"47 Charles St, Boston, MA 02114-4605",42.3574284,-71.0699156,False
"2 Winter Pl, Boston, MA 02108-4733",42.355426699999995,-71.06137215119342,False
"162 Columbus Avenue, Boston, MA 02116-5235",42.34957267346939,-71.07043314285714,False
"161 Berkeley St, Boston, MA 02116-5108",42.3493944,-71.0720613,False
"261 Newbury St, Boston, MA 02116-2402",42.3496572,-71.0832743,False
"140 Seaport Blvd, Boston, MA 02210-2045",42.3520678,-71.0459768,False
"793 Boylston St, Boston, MA 02116",42.3491548,-71.0815528,False
"354 Congress St, Boston, MA 02210-1295",42.3504639,-71.0482916,False
"24 Fleet St, Boston, MA 02113",42.364687950000004,-71.05272703176317,False
"75 Arlington St, Boston, MA 02116-3936",42.3503908,-71.0703458,False
"371 Commonwealth Ave, Boston, MA 02115-1811",42.3494485,-71.089041,False
"1 Huntington Ave, Boston, MA 02116-5713",42.3487095,-71.0783774,False
"9 East St, Boston, MA 02111-2849",42.35134145,-71.05691373695618,False
"761 Boylston St, Boston, MA 02116",42.3492931,-71.0811812,False
"223 Columbus Ave, Boston, MA 02116-5113",42.348281,-71.0727007,False
"1 Charles St S, Boston, MA 02116-5447",42.3510548,-71.0671995,False
"900 Boylston St, Boston, MA 02115-3101",42.3473397,-71.0851669,False
"3 North Square, Boston, MA 02113-2404",42.364069400000005,-71.05331730839484,False
"10 Avery St The Ritz-Carlton, Boston Common, Boston, MA 02111-1005",,,True
"1430 Vfw Parkway West Roxbury, Boston, MA 02132-5434",42.2953904,-71.1586877,False
"47 Massachusetts Ave, Boston, MA 02115-1400",42.34984945,-71.08925272656501,False
"Ring Road, Boston, MA 02199-7820",42.3481618,-71.0802795,False
"25 Fan Pier Blvd, Boston, MA 02210",42.3531026,-71.0459304,False
"4 Avery St 4 TH Floor Ritz-Carlton, Boston, MA 02111-1005",,,True
"20 Ericsson St, Boston, MA 02122-3695",42.2916908,-71.040698,False
"3 Mechanic St, Boston, MA 02113-2336",42.36292034693878,-71.05506177551021,False
"64 Seaport Blvd, Boston, MA 02210-2042",42.3520678,-71.0459768,False
"1 International Pl Ste 190, Boston, MA 02110",,,True
"49 Melcher St, Boston, MA 02210-1514",42.34945,-71.0503389,False
"250 Franklin St, Boston, MA 02110-2807",42.35645837830887,-71.05431636437623,False
"60 Long Wharf, Boston, MA 02110-3602",42.3601668,-71.04950700096464,False
"510 Atlantic Ave, Boston, MA 02210-2210",42.353792,-71.05200652135551,False
"304 Stuart St, Boston, MA 02116-5242",42.3498265,-71.0706161,False
"200 Boylston St, Boston, MA 02116-3916",42.3518059,-71.0679883,False
"241 Hanover St, Boston, MA 02113-2322",42.3631481122449,-71.05548192857142,False
"107 South Street, Boston, MA 0211",42.35161835384615,-71.05738435897436,False
"56 Northern Ave One Marina Park Drive, Boston, MA 02210-1862",,,True
"250 Northern Ave Suite 200, Boston, MA 02210-2027",,,True
"64 Arlington St Boston Park Plaza Hotel, Boston, MA 02116-3901",,,True
"215 Charles St The Liberty Hotel, Boston, MA 02114-3001",,,True
"294 Congress St Atlantic Wharf Boston, Boston, MA 02210-1003",,,True
"70 Rowes Wharf, Boston, MA 02110-3300",42.3566602,-71.0503163,False
"800 Boylston Street Prudential Center Boston, Boston, MA 02199",,,True
"200 Dartmouth St, Boston, MA 02116-3501",42.34851462752494,-71.0766408759061,False
"116 Huntington Ave, Boston, MA 02116-5749",42.3491853,-71.0770258,False
"40 Court St, Boston, MA 02108",42.359094891146476,-71.05913310580077,False
"1166 Washington St, Boston, MA 02118-4113",42.34342683334633,-71.06618749453247,False
"254A Newbury St, Boston, MA 02116-2403",42.3509337,-71.0776021,False
"686 Morton St, Boston, MA 02126-1571",42.28473236893505,-71.09232127131561,False
"24 North St, Boston, MA 02109-1503",42.360497682197604,-71.05657247554821,False
"50 Liberty Dr, Boston, MA 02210-1339",42.3542066,-71.04449792754124,False
"65 Atlantic Ave, Boston, MA 02110-3714",42.36273352941176,-71.05111976470589,False
"11 William E. Mullins Way at Harrison Ave, Boston, MA 02118",,,True
"250 Franklin St The Langham, Boston, MA 02110-2807",,,True
"300 Pier 4 Blvd, Boston, MA 02210-2490",42.3719844,-71.05140750801789,False
"10 Post Office Square, Boston, MA 02109-4603",42.3573803,-71.0554927,False
"25 Temple Pl Inside JM Curley's Bar, Boston, MA 02111-1308",,,True
"100 Federal St, Boston, MA 02110-1802",42.355055899999996,-71.05595722374802,False
"170 Charles St Whitney Hotel, Boston, MA 02114-3253",,,True
"800 Boylston Street, Prudential Center, Boston, MA 02199",,,True
"102 Waltham St, Boston, MA 02118-3618",42.34315507959884,-71.07078231877354,False
"200 Seaport Blvd Suite 75, Boston, MA 02210",,,True
"1391 Boylston St, Boston, MA 02215-3913",42.34393274418605,-71.10045897674418,False
"15 Arlington Street, Boston, MA 02116",42.35282695,-71.07158468201447,False
"22 Liberty Dr, Boston, MA 02210-1234",42.3545418,-71.04524201148547,False
"71 Charles St, Boston, MA 02114-4608",42.35823085,-71.07034302410756,False
"1 Dalton St, Boston, MA 02115-3184",42.345714650000005,-71.08393675178858,False
"783 Tremont St, Boston, MA 02118-1005",42.339304,-71.0806882,False
"15 Arlington St 2nd Floor, Boston, MA 02116-3417",,,True
"10 Avery St The Ritz-Carlton, Boston, MA 02111-1005",,,True
"122 Belvidere St, Boston, MA 02199-7617",42.3457976,-71.0823865,False
"321 A Street Fort Point, Boston, MA 02210-1610",,,True
"150 State St, Boston, MA 02109-2505",42.359373399999996,-71.0540554,False
"15 Arlington St, Boston, MA 02116-3417",42.35282695,-71.07158468201447,False
"374 Commonwealth Ave, Boston, MA 02215-2860",42.3485735,-71.0891003,False
"3 Franklin St, Boston, MA 02110",42.356657,-71.0538353,False
